AÑO	Mes	# MES	WEEK	FECHA	CL#	TIPO DE CAJA	CONTAINERS
2025	enero	1	2	1/1/2025	ME005	208	6
2025	enero	1	2	1/1/2025	ME008	208	6
2025	enero	1	2	1/1/2025	ME010	22XU	3
2025	enero	1	3	1/1/2025	ME005	208	6
2025	enero	1	3	1/1/2025	ME008	208	6
2025	enero	1	3	1/1/2025	ME010	22XU	3
2025	enero	1	4	1/1/2025	ME005	208	5
2025	enero	1	4	1/1/2025	ME006	22XU	2
2025	enero	1	4	1/1/2025	ME008	208	6
2025	enero	1	4	1/1/2025	ME010	22XU	2
2025	enero	1	4	1/1/2025	ME012	22XU	2
2025	enero	1	5	1/1/2025	ME005	208	4
2025	enero	1	5	1/1/2025	ME006	22XU	2
2025	enero	1	5	1/1/2025	ME008	208	6
2025	enero	1	5	1/1/2025	ME010	22XU	2
2025	enero	1	5	1/1/2025	ME012	22XU	2
2025	febrero	2	6	1/2/2025	ME005	208	4
2025	febrero	2	6	1/2/2025	ME006	22XU	2
2025	febrero	2	6	1/2/2025	ME008	208	6
2025	febrero	2	6	1/2/2025	ME010	22XU	3
2025	febrero	2	6	1/2/2025	ME012	22XU	2
2025	febrero	2	6	1/2/2025	ME013	22XU	9
2025	febrero	2	7	1/2/2025	ME006	22XU	2
2025	febrero	2	7	1/2/2025	ME008	208	10
2025	febrero	2	7	1/2/2025	ME010	22XU	3
2025	febrero	2	7	1/2/2025	ME012	22XU	2
2025	febrero	2	7	1/2/2025	ME013	22XU	10
2025	febrero	2	8	1/2/2025	ME002	22XU	1
2025	febrero	2	8	1/2/2025	ME004	22XU	1
2025	febrero	2	8	1/2/2025	ME005	208	2
2025	febrero	2	8	1/2/2025	ME006	22XU	3
2025	febrero	2	8	1/2/2025	ME008	208	12
2025	febrero	2	8	1/2/2025	ME010	22XU	3
2025	febrero	2	8	1/2/2025	ME012	22XU	2
2025	febrero	2	9	1/2/2025	ME002	22XU	1
2025	febrero	2	9	1/2/2025	ME004	22XU	1
2025	febrero	2	9	1/2/2025	ME005	208	2
2025	febrero	2	9	1/2/2025	ME006	22XU	3
2025	febrero	2	9	1/2/2025	ME008	208	12
2025	febrero	2	9	1/2/2025	ME010	22XU	3
2025	febrero	2	9	1/2/2025	ME012	22XU	2
2025	marzo	3	10	1/3/2025	ME002	22XU	1
2025	marzo	3	10	1/3/2025	ME004	22XU	1
2025	marzo	3	10	1/3/2025	ME005	208	2
2025	marzo	3	10	1/3/2025	ME006	22XU	3
2025	marzo	3	10	1/3/2025	ME008	208	12
2025	marzo	3	10	1/3/2025	ME010	22XU	3
2025	marzo	3	10	1/3/2025	ME012	22XU	2
2025	marzo	3	11	1/3/2025	ME005	208	2
2025	marzo	3	11	1/3/2025	ME006	22XU	4
2025	marzo	3	11	1/3/2025	ME008	208	12
2025	marzo	3	11	1/3/2025	ME010	22XU	3
2025	marzo	3	11	1/3/2025	ME012	22XU	3
2025	marzo	3	12	1/3/2025	ME005	208	2
2025	marzo	3	12	1/3/2025	ME006	22XU	3
2025	marzo	3	12	1/3/2025	ME008	208	12
2025	marzo	3	12	1/3/2025	ME010	22XU	3
2025	marzo	3	12	1/3/2025	ME012	22XU	3
2025	marzo	3	13	1/3/2025	ME005	208	2
2025	marzo	3	13	1/3/2025	ME006	22XU	2
2025	marzo	3	13	1/3/2025	ME008	208	12
2025	marzo	3	13	1/3/2025	ME010	22XU	5
2025	marzo	3	13	1/3/2025	ME012	22XU	2
2025	marzo	3	13	1/3/2025	ME014	208	5
2025	marzo	3	13	1/3/2025	ME014	22XU	10
2025	abril	4	14	1/4/2025	ME005	208	2
2025	abril	4	14	1/4/2025	ME006	22XU	2
2025	abril	4	14	1/4/2025	ME008	208	12
2025	abril	4	14	1/4/2025	ME010	22XU	5
2025	abril	4	14	1/4/2025	ME012	22XU	2
2025	abril	4	15	1/4/2025	ME005	208	2
2025	abril	4	15	1/4/2025	ME006	22XU	2
2025	abril	4	15	1/4/2025	ME008	208	12
2025	abril	4	15	1/4/2025	ME010	22XU	5
2025	abril	4	15	1/4/2025	ME012	22XU	2
2025	abril	4	15	1/4/2025	ME014	208	5
2025	abril	4	15	1/4/2025	ME014	22XU	15
2025	abril	4	16	1/4/2025	ME005	208	2
2025	abril	4	16	1/4/2025	ME006	22XU	2
2025	abril	4	16	1/4/2025	ME008	208	11
2025	abril	4	16	1/4/2025	ME010	22XU	5
2025	abril	4	16	1/4/2025	ME012	22XU	2
2025	abril	4	16	1/4/2025	ME014	208	5
2025	abril	4	16	1/4/2025	ME014	22XU	15
2025	abril	4	17	1/4/2025	ME005	208	5
2025	abril	4	17	1/4/2025	ME008	208	11
2025	abril	4	17	1/4/2025	ME011	208	4
2025	abril	4	17	1/4/2025	ME014	208	5
2025	abril	4	17	1/4/2025	ME014	22XU	14
2025	abril	4	18	1/4/2025	ME005	208	5
2025	abril	4	18	1/4/2025	ME006	22XU	2
2025	abril	4	18	1/4/2025	ME008	208	7
2025	abril	4	18	1/4/2025	ME011	208	4
2025	mayo	5	18	1/5/2025	ME008	208	5
2025	mayo	5	19	1/5/2025	ME001	208	7
2025	mayo	5	19	1/5/2025	ME001	22XU	1
2025	mayo	5	19	1/5/2025	ME005	208	7
2025	mayo	5	19	1/5/2025	ME006	22XU	4
2025	mayo	5	19	1/5/2025	ME011	208	1
2025	mayo	5	19	1/5/2025	ME012	22XU	3
2025	mayo	5	20	1/5/2025	ME001	208	7
2025	mayo	5	20	1/5/2025	ME001	22XU	1
2025	mayo	5	20	1/5/2025	ME005	208	7
2025	mayo	5	20	1/5/2025	ME006	22XU	3
2025	mayo	5	20	1/5/2025	ME012	22XU	4
2025	mayo	5	21	1/5/2025	ME001	208	7
2025	mayo	5	21	1/5/2025	ME001	22XU	1
2025	mayo	5	21	1/5/2025	ME005	208	6
2025	mayo	5	21	1/5/2025	ME006	22XU	4
2025	mayo	5	21	1/5/2025	ME012	22XU	4
2025	mayo	5	21	1/5/2025	ME014	208	5
2025	mayo	5	21	1/5/2025	ME014	22XU	15
2025	mayo	5	22	1/5/2025	ME001	208	7
2025	mayo	5	22	1/5/2025	ME001	22XU	1
2025	mayo	5	22	1/5/2025	ME005	208	7
2025	mayo	5	22	1/5/2025	ME006	22XU	4
2025	mayo	5	22	1/5/2025	ME012	22XU	4
2025	junio	6	23	1/6/2025	ME001	208	7
2025	junio	6	23	1/6/2025	ME001	22XU	1
2025	junio	6	23	1/6/2025	ME005	208	7
2025	junio	6	23	1/6/2025	ME006	22XU	4
2025	junio	6	23	1/6/2025	ME012	22XU	4
2025	junio	6	23	1/6/2025	ME014	22XU	10
2025	junio	6	24	1/6/2025	ME001	208	7
2025	junio	6	24	1/6/2025	ME001	22XU	1
2025	junio	6	24	1/6/2025	ME005	208	7
2025	junio	6	24	1/6/2025	ME006	22XU	4
2025	junio	6	24	1/6/2025	ME012	22XU	4
2025	junio	6	24	1/6/2025	ME014	22XU	5
2025	junio	6	25	1/6/2025	ME001	208	7
2025	junio	6	25	1/6/2025	ME001	22XU	1
2025	junio	6	25	1/6/2025	ME005	208	7
2025	junio	6	25	1/6/2025	ME006	22XU	4
2025	junio	6	25	1/6/2025	ME012	22XU	4
2025	junio	6	25	1/6/2025	ME014	22XU	15
2025	junio	6	26	1/6/2025	ME006	22XU	4
2025	junio	6	26	1/6/2025	ME008	208	14
2025	junio	6	26	1/6/2025	ME008	22XU	1
2025	junio	6	26	1/6/2025	ME012	22XU	4
2025	junio	6	26	1/6/2025	ME014	22XU	15
2025	junio	6	27	1/6/2025	ME008	208	4
2025	junio	6	27	1/6/2025	ME014	22XU	9
2025	julio	7	27	1/7/2025	ME006	22XU	3
2025	julio	7	27	1/7/2025	ME008	208	10
2025	julio	7	27	1/7/2025	ME008	22XU	1
2025	julio	7	27	1/7/2025	ME012	22XU	4
2025	julio	7	27	1/7/2025	ME014	22XU	6
2025	julio	7	28	1/7/2025	ME001	208	7
2025	julio	7	28	1/7/2025	ME001	22XU	1
2025	julio	7	28	1/7/2025	ME005	208	7
2025	julio	7	28	1/7/2025	ME006	22XU	3
2025	julio	7	28	1/7/2025	ME008	208	2
2025	julio	7	28	1/7/2025	ME012	22XU	2
2025	julio	7	28	1/7/2025	ME014	22XU	15
2025	julio	7	29	1/7/2025	ME001	208	7
2025	julio	7	29	1/7/2025	ME001	22XU	1
2025	julio	7	29	1/7/2025	ME005	208	7
2025	julio	7	29	1/7/2025	ME006	22XU	3
2025	julio	7	29	1/7/2025	ME008	208	2
2025	julio	7	29	1/7/2025	ME012	22XU	3
2025	julio	7	30	1/7/2025	ME001	208	6
2025	julio	7	30	1/7/2025	ME001	22XU	1
2025	julio	7	30	1/7/2025	ME005	208	7
2025	julio	7	30	1/7/2025	ME011	208	2
2025	julio	7	30	1/7/2025	ME014	22XU	15
2025	julio	7	31	1/7/2025	ME001	208	6
2025	julio	7	31	1/7/2025	ME001	22XU	1
2025	julio	7	31	1/7/2025	ME005	208	7
2025	julio	7	31	1/7/2025	ME006	22XU	2
2025	julio	7	31	1/7/2025	ME008	208	4
2025	julio	7	31	1/7/2025	ME011	208	2
2025	julio	7	31	1/7/2025	ME014	22XU	5
2025	agosto	8	31	1/8/2025	ME001	208	1
2025	agosto	8	32	1/8/2025	ME001	208	9
2025	agosto	8	32	1/8/2025	ME005	208	7
2025	agosto	8	32	1/8/2025	ME010	22XU	7
2025	agosto	8	32	1/8/2025	ME014	22XU	5
2025	agosto	8	33	1/8/2025	ME001	208	9
2025	agosto	8	33	1/8/2025	ME005	208	7
2025	agosto	8	33	1/8/2025	ME010	22XU	7
2025	agosto	8	33	1/8/2025	ME014	22XU	15
2025	agosto	8	34	1/8/2025	ME001	208	9
2025	agosto	8	34	1/8/2025	ME005	208	7
2025	agosto	8	34	1/8/2025	ME010	22XU	7
2025	agosto	8	34	1/8/2025	ME014	22XU	10
2025	agosto	8	35	1/8/2025	ME001	208	9
2025	agosto	8	35	1/8/2025	ME005	208	7
2025	agosto	8	35	1/8/2025	ME010	22XU	7
2025	septiembre	9	36	1/9/2025	ME001	208	9
2025	septiembre	9	36	1/9/2025	ME005	208	7
2025	septiembre	9	36	1/9/2025	ME010	22XU	7
2025	septiembre	9	37	1/9/2025	ME001	208	9
2025	septiembre	9	37	1/9/2025	ME005	208	7
2025	septiembre	9	37	1/9/2025	ME010	22XU	7
2025	septiembre	9	37	1/9/2025	ME014	22XU	5
2025	septiembre	9	38	1/9/2025	ME001	208	3
2025	septiembre	9	38	1/9/2025	ME005	208	5
2025	septiembre	9	38	1/9/2025	ME010	22XU	6
2025	septiembre	9	38	1/9/2025	ME014	208	6
